rank,name,symbol,coingecko_url,price,market_cap,twitter_handle,twitter_url,twitter_followers,twitter_first_tweet_date,github,github_stars,github_forks,github_last_updated,logo_url,logo_local_path,coingecko_id,scraped_at,_handle
1,Bitcoin BTC,BTC,https://www.coingecko.com/en/coins/bitcoin,0.0,0.0,bitcoin,https://twitter.com/bitcoin,7700000.0,2025-06-04 21:41:41,https://github.com/bitcoin,94000.0,42900.0,2025-06-04,https://assets.coingecko.com/coins/images/1/standard/bitcoin.png?1696501400,Data\Logo\bitcoin.png,bitcoin,2025-06-04 23:54:58,3E2AD0BDA7062B5F3BFF080EA14BCE1A
2,Ethereum ETH,ETH,https://www.coingecko.com/en/coins/ethereum,0.0,0.0,ethereum,https://twitter.com/ethereum,3800000.0,2025-06-04 20:04:24,https://github.com/ethereum,95100.0,38800.0,2025-06-04,https://assets.coingecko.com/coins/images/279/standard/ethereum.png?1696501628,Data\Logo\ethereum.png,ethereum,2025-06-04 23:54:58,1D7644B054F7CDCCE0284EAD7B16C8DE
3,Tether USDT,USDT,https://www.coingecko.com/en/coins/tether,0.0,0.0,Tether_to,https://twitter.com/Tether_to,535700.0,2025-06-04 10:00:27,,,,,https://assets.coingecko.com/coins/images/325/standard/Tether.png?1696501661,Data\Logo\tether.png,tether,2025-06-04 23:54:58,5CD5FD05C9884013F4576DFEB87B45FD
4,XRP XRP,XRP,https://www.coingecko.com/en/coins/xrp,0.0,0.0,Ripple,https://twitter.com/Ripple,3100000.0,2025-06-03 21:30:10,https://github.com/ripple,3260.0,1007.0,2025-06-04,https://assets.coingecko.com/coins/images/44/standard/xrp-symbol-white-128.png?1696501442,Data\Logo\xrp.png,xrp,2025-06-04 23:54:58,C379683D522720A6970CD6D2FB4F4746
5,BNB BNB,BNB,https://www.coingecko.com/en/coins/bnb,0.0,0.0,binance,https://twitter.com/binance,14400000.0,2025-06-04 22:00:25,https://github.com/binance-exchange,6793.0,3309.0,2024-06-19,https://assets.coingecko.com/coins/images/825/standard/bnb-icon2_2x.png?1696501970,Data\Logo\bnb.png,bnb,2025-06-04 23:54:58,7A9E46DED8434567CAD2005605111F74
6,Solana SOL,SOL,https://www.coingecko.com/en/coins/solana,0.0,0.0,solana,https://twitter.com/solana,3400000.0,2025-06-04 19:48:39,https://github.com/solana-labs,18200.0,7200.0,2025-03-11,https://assets.coingecko.com/coins/images/4128/standard/solana.png?1718769756,Data\Logo\solana.png,solana,2025-06-04 23:54:58,FB88667666902DC1CF183FE57EE0FEEB
7,USDC USDC,USDC,https://www.coingecko.com/en/coins/usdc,0.0,0.0,circle,https://twitter.com/circle,214600.0,2025-06-03 23:15:12,https://github.com/centrehq,9.0,4.0,2024-01-01,https://assets.coingecko.com/coins/images/6319/standard/usdc.png?1696506694,Data\Logo\usdc.png,usdc,2025-06-04 23:54:58,1A21E785EB983CBF0E9A0B52849CF0A6
8,Dogecoin DOGE,DOGE,https://www.coingecko.com/en/coins/dogecoin,0.0,0.0,dogecoin,https://twitter.com/dogecoin,4300000.0,2025-06-01 06:32:54,https://github.com/dogecoin,15000.0,3000.0,2025-05-28,https://assets.coingecko.com/coins/images/5/standard/dogecoin.png?1696501409,Data\Logo\dogecoin.png,dogecoin,2025-06-04 23:54:59,DAE9A35E691E2119DA16DB3D2D1D4173
9,TRON TRX,TRX,https://www.coingecko.com/en/coins/tron,0.0,0.0,trondao,https://twitter.com/trondao,1700000.0,2025-06-04 19:53:25,https://github.com/tronprotocol,5472.0,2762.0,2025-06-04,https://assets.coingecko.com/coins/images/1094/standard/tron-logo.png?1696502193,Data\Logo\tron.png,tron,2025-06-04 23:54:59,1AB524BBEBB6FC73BAD8D9F359F53DF4
10,Cardano ADA,ADA,https://www.coingecko.com/en/coins/cardano,0.0,0.0,Cardano_CF,https://twitter.com/Cardano_CF,838700.0,2025-06-04 20:40:41,https://github.com/input-output-hk,1480.0,342.0,2025-06-04,https://assets.coingecko.com/coins/images/975/standard/cardano.png?1696502090,Data\Logo\cardano.png,cardano,2025-06-04 23:54:59,6158E44975AB9D288550676F79F3DB87
11,Lido Staked Ether STETH,STETH,https://www.coingecko.com/en/coins/lido-staked-ether,0.0,0.0,lidofinance,https://twitter.com/lidofinance,226800.0,2025-06-04 13:44:03,,,,,https://assets.coingecko.com/coins/images/13442/standard/steth_logo.png?1696513206,Data\Logo\lido-staked-ether.png,staked-ether,2025-06-04 23:54:59,48E607F338D4D112EFE5D0459D6E2953
12,Wrapped Bitcoin WBTC,WBTC,https://www.coingecko.com/en/coins/wrapped-bitcoin,0.0,0.0,WrappedBTC,https://twitter.com/WrappedBTC,38500.0,2025-06-04 12:00:02,https://github.com/WrappedBTC,182.0,140.0,2024-01-25,https://assets.coingecko.com/coins/images/7598/standard/wrapped_bitcoin_wbtc.png?1696507857,Data\Logo\wrapped-bitcoin.png,wrapped-bitcoin,2025-06-04 23:54:59,DE72D9470BA2D19537C783D8496BAD4C
13,Hyperliquid HYPE,HYPE,https://www.coingecko.com/en/coins/hyperliquid,0.0,0.0,HyperliquidX,https://twitter.com/HyperliquidX,265800.0,2025-06-03 04:12:32,,,,,https://assets.coingecko.com/coins/images/50882/standard/hyperliquid.jpg?1729431300,Data\Logo\hyperliquid.png,hyperliquid,2025-06-04 23:54:59,902AEC639982E76C24FD4B243F79D975
14,Wrapped stETH WSTETH,WSTETH,https://www.coingecko.com/en/coins/wrapped-steth,0.0,0.0,LidoFinance,https://twitter.com/LidoFinance,226800.0,2025-06-04 13:44:03,https://github.com/lidofinance,419.0,223.0,2025-06-04,https://assets.coingecko.com/coins/images/18834/standard/wstETH.png?1696518295,Data\Logo\wrapped-steth.png,wrapped-steth,2025-06-04 23:54:59,6D401876A13DB548264D61484D13DCAA
15,Sui SUI,SUI,https://www.coingecko.com/en/coins/sui,0.0,0.0,SuiNetwork,https://twitter.com/SuiNetwork,1000000.0,2025-06-04 21:28:02,https://github.com/MystenLabs,7374.0,11656.0,2025-06-04,https://assets.coingecko.com/coins/images/26375/standard/sui-ocean-square.png?1727791290,Data\Logo\sui.png,sui,2025-06-04 23:54:59,E54F7B51BEDE24295E150E6DC61E9BC8
16,Chainlink LINK,LINK,https://www.coingecko.com/en/coins/chainlink,0.0,0.0,chainlink,https://twitter.com/chainlink,1300000.0,2025-06-04 22:07:00,https://github.com/smartcontractkit,9651.0,3198.0,2025-06-04,https://assets.coingecko.com/coins/images/877/standard/chainlink-new-logo.png?1696502009,Data\Logo\chainlink.png,chainlink,2025-06-04 23:55:00,E65107399FA3D2E573EA3CBCB0443411
17,Avalanche AVAX,AVAX,https://www.coingecko.com/en/coins/avalanche,0.0,0.0,avax,https://twitter.com/avax,1100000.0,2025-06-04 21:05:02,https://github.com/ava-labs,3778.0,1704.0,2025-06-04,https://assets.coingecko.com/coins/images/12559/standard/Avalanche_Circle_RedWhite_Trans.png?1696512369,Data\Logo\avalanche.png,avalanche,2025-06-04 23:55:00,354E27ED09C5C21D3FFADFE7CED462C9
18,LEO Token LEO,LEO,https://www.coingecko.com/en/coins/leo-token,0.0,0.0,,https://leo.bitfinex.com/,,,,,,,https://assets.coingecko.com/coins/images/8418/standard/leo-token.png?1696508607,Data\Logo\leo-token.png,leo-token,2025-06-04 23:55:00,F4A2F441E640E1C6C5864A1A315AE08F
19,Stellar XLM,XLM,https://www.coingecko.com/en/coins/stellar,0.0,0.0,stellarorg,https://twitter.com/stellarorg,828300.0,2025-06-04 18:23:37,https://github.com/stellar,4676.0,1857.0,2025-06-04,https://assets.coingecko.com/coins/images/100/standard/fmpFRHHQ_400x400.jpg?1735231350,Data\Logo\stellar.png,stellar,2025-06-04 23:55:00,FFCDC3CDF2A410932D8E54D904D3EB90
20,Bitcoin Cash BCH,BCH,https://www.coingecko.com/en/coins/bitcoin-cash,0.0,0.0,search,https://twitter.com/search?q=$BCH,26.0,2025-06-04 17:14:43,https://github.com/bitcoincashorg,553.0,395.0,2025-06-03,https://assets.coingecko.com/coins/images/780/standard/bitcoin-cash-circle.png?1696501932,Data\Logo\bitcoin-cash.png,bitcoin-cash,2025-06-04 23:55:00,982FD12B0BEE190BAA99EEB95AC70B12
21,Toncoin TON,TON,https://www.coingecko.com/en/coins/toncoin,0.0,0.0,ton_blockchain,https://twitter.com/ton_blockchain,2400000.0,2025-06-04 16:41:06,https://github.com/ton-blockchain,4271.0,1573.0,2025-06-04,https://assets.coingecko.com/coins/images/17980/standard/photo_2024-09-10_17.09.00.jpeg?1725963446,Data\Logo\toncoin.png,toncoin,2025-06-04 23:55:00,560778857971F9858A6C2B8C1931F627
22,Shiba Inu SHIB,SHIB,https://www.coingecko.com/en/coins/shiba-inu,0.0,0.0,shibarium_,https://twitter.com/shibarium_,71700.0,2025-05-29 23:15:59,,,,,https://assets.coingecko.com/coins/images/11939/standard/shiba.png?1696511800,Data\Logo\shiba-inu.png,shiba-inu,2025-06-04 23:55:01,064AE76B798FC6B6F85DC2A7E7516C55
23,USDS USDS,USDS,https://www.coingecko.com/en/coins/usds,0.0,0.0,SkyEcosystem,https://x.com/SkyEcosystem/status/1828405625828843710,26.0,2024-08-27 14:58:39,,,,,https://assets.coingecko.com/coins/images/39926/standard/usds.webp?1726666683,Data\Logo\usds.png,usds,2025-06-04 23:55:01,FC079195DDA990A7350700FC804D7BD1
24,Hedera HBAR,HBAR,https://www.coingecko.com/en/coins/hedera,0.0,0.0,hedera,https://twitter.com/hedera,441500.0,2025-06-04 18:20:33,https://github.com/hashgraph,30.0,9.0,2025-06-04,https://assets.coingecko.com/coins/images/3688/standard/hbar.png?1696504364,Data\Logo\hedera.png,hedera,2025-06-04 23:55:01,F9E1E45CDB1A1E76BB2AE74B44957B28
25,WETH WETH,WETH,https://www.coingecko.com/en/coins/weth,0.0,0.0,search,https://twitter.com/search?q=$WETH,26.0,2025-06-04 11:51:28,,,,,https://assets.coingecko.com/coins/images/2518/standard/weth.png?1696503332,Data\Logo\weth.png,weth,2025-06-04 23:55:01,82BEE382E380738E6EDF0C556E322BE1
26,Wrapped eETH WEETH,WEETH,https://www.coingecko.com/en/coins/wrapped-eeth,0.0,0.0,ether_fi,https://twitter.com/ether_fi,191200.0,2025-06-04 21:40:31,https://github.com/etherfi-protocol,153.0,73.0,2025-06-04,https://assets.coingecko.com/coins/images/33033/standard/weETH.png?1701438396,Data\Logo\wrapped-eeth.png,wrapped-eeth,2025-06-04 23:55:01,7F1F6179DA2FE2CC7A7D3C8C9CBC7FD2
27,Litecoin LTC,LTC,https://www.coingecko.com/en/coins/litecoin,0.0,0.0,LTCFoundation,https://twitter.com/LTCFoundation,225700.0,2025-06-04 15:31:16,https://github.com/litecoin-project,4831.0,3200.0,2025-06-04,https://assets.coingecko.com/coins/images/2/standard/litecoin.png?1696501400,Data\Logo\litecoin.png,litecoin,2025-06-04 23:55:01,C3A442EA70BB0E3A530329B299D7B5DE
28,Polkadot DOT,DOT,https://www.coingecko.com/en/coins/polkadot,0.0,0.0,Polkadot,https://twitter.com/Polkadot,1500000.0,2025-06-04 19:15:07,https://github.com/paritytech,2615.0,1016.0,2025-06-04,https://static.coingecko.com/s/polkadot-73b0c058cae10a2f076a82dcade5cbe38601fad05d5e6211188f09eb96fa4617.gif,Data\Logo\polkadot.png,polkadot,2025-06-04 23:55:01,2D8C3931C874BEBA37D946E33CE7A72F
29,Binance Bridged USDT (BNB Smart Chain) BSC-USD,BSC-USD,https://www.coingecko.com/en/coins/binance-bridged-usdt-bnb-smart-chain,0.0,0.0,search,https://twitter.com/search?q=$BSC-USD,26.0,2025-06-04 16:19:02,,,,,https://assets.coingecko.com/coins/images/35021/standard/USDT.png?1707233575,Data\Logo\binance-bridged-usdt-bnb-smart-chain.png,binance-bridged-usdt-bnb-smart-chain,2025-06-04 23:55:02,C159BDB53B4BA79F213F287910F9E444
30,Ethena USDe USDE,USDE,https://www.coingecko.com/en/coins/ethena-usde,0.0,0.0,ethena_labs,https://twitter.com/ethena_labs,228400.0,2025-06-04 16:04:45,,,,,https://assets.coingecko.com/coins/images/33613/standard/usde.png?1733810059,Data\Logo\ethena-usde.png,ethena-usde,2025-06-04 23:55:02,D3F8A6A393A61E6560FCCC58F98C00AA
31,Monero XMR,XMR,https://www.coingecko.com/en/coins/monero,0.0,0.0,monero,https://twitter.com/monero,512900.0,2025-06-04 18:48:04,https://github.com/monero-project,12132.0,4561.0,2025-06-02,https://assets.coingecko.com/coins/images/69/standard/monero_logo.png?1696501460,Data\Logo\monero.png,monero,2025-06-04 23:55:02,B9C14FB0CC9230FBA0769A079070F50D
32,Bitget Token BGB,BGB,https://www.coingecko.com/en/coins/bitget-token,0.0,0.0,bitgetglobal,https://twitter.com/bitgetglobal,4500000.0,2025-06-04 14:30:15,,,,,https://assets.coingecko.com/coins/images/11610/standard/Bitget_logo.png?1736925727,Data\Logo\bitget-token.png,bitget-token,2025-06-04 23:55:02,2D4D2F4CD5055E58DFAEC0D028A08478
33,Pepe PEPE,PEPE,https://www.coingecko.com/en/coins/pepe,0.0,0.0,pepecoineth,https://twitter.com/pepecoineth,797300.0,2025-05-29 06:26:39,,,,,https://assets.coingecko.com/coins/images/29850/standard/pepe-token.jpeg?1696528776,Data\Logo\pepe.png,pepe,2025-06-04 23:55:02,375C9E1E4F3092BBA2CB6DE0A01C2D95
34,Pi Network PI,PI,https://www.coingecko.com/en/coins/pi-network,0.0,0.0,PiCoreTeam,https://twitter.com/PiCoreTeam,4300000.0,2025-05-30 22:51:01,https://github.com/pi-apps,7004.0,2234.0,2025-06-04,https://assets.coingecko.com/coins/images/54342/standard/pi_network.jpg?1739347576,Data\Logo\pi-network.png,pi-network,2025-06-04 23:55:02,BE05731AC07770B46A24B339251B28AA
35,Coinbase Wrapped BTC CBBTC,CBBTC,https://www.coingecko.com/en/coins/coinbase-wrapped-btc,0.0,0.0,coinbase,https://twitter.com/coinbase,6400000.0,2025-06-04 17:10:41,,,,,https://assets.coingecko.com/coins/images/40143/standard/cbbtc.webp?1726136727,Data\Logo\coinbase-wrapped-btc.png,coinbase-wrapped-btc,2025-06-04 23:55:02,2515B71D744815B8D663FBF8C7C674B8
36,WhiteBIT Coin WBT,WBT,https://www.coingecko.com/en/coins/whitebit,0.0,0.0,WhiteBit,https://twitter.com/WhiteBit,506900.0,2025-06-03 18:00:00,,,,,https://assets.coingecko.com/coins/images/27045/standard/wbt_token.png?1696526096,Data\Logo\whitebit.png,whitebit,2025-06-04 23:55:02,97595D46DD817BEF8E0E29C65B2C48DD
37,Aave AAVE,AAVE,https://www.coingecko.com/en/coins/aave,0.0,0.0,aave,https://twitter.com/aave,644200.0,2025-06-04 14:15:33,https://github.com/aave/aave-protocol/blob/master/docs/Aave_Protocol_Whitepaper_v1_0.pdf,,,,https://assets.coingecko.com/coins/images/12645/standard/aave-token-round.png?1720472354,Data\Logo\aave.png,aave,2025-06-04 23:55:03,813B2F31D37C588D57411037DCC099A3
38,Uniswap UNI,UNI,https://www.coingecko.com/en/coins/uniswap,0.0,0.0,Uniswap,https://twitter.com/Uniswap,1400000.0,2025-06-04 16:30:48,https://github.com/Uniswap,17288.0,14359.0,2025-06-04,https://assets.coingecko.com/coins/images/12504/standard/uniswap-logo.png?1720676669,Data\Logo\uniswap.png,uniswap,2025-06-04 23:55:03,6F343062355E606A1B8C139C143AC9FC
39,Dai DAI,DAI,https://www.coingecko.com/en/coins/dai,0.0,0.0,SkyEcosystem,https://x.com/SkyEcosystem/status/1828405625828843710,26.0,2024-08-27 14:58:39,https://github.com/makerdao,3912.0,1639.0,2025-06-04,https://assets.coingecko.com/coins/images/9956/standard/Badge_Dai.png?1696509996,Data\Logo\dai.png,dai,2025-06-04 23:55:03,4A7A044E8A3627829B27F75781A4925E
40,Ethena Staked USDe SUSDE,SUSDE,https://www.coingecko.com/en/coins/ethena-staked-usde,0.0,0.0,ethena_labs,https://twitter.com/ethena_labs,228400.0,2025-06-04 16:04:45,,,,,https://assets.coingecko.com/coins/images/33669/standard/sUSDe-Symbol-Color.png?1716307680,Data\Logo\ethena-staked-usde.png,ethena-staked-usde,2025-06-04 23:55:03,411A9A2B4DC0F6906498345C04A02E8F
41,Bittensor TAO,TAO,https://www.coingecko.com/en/coins/bittensor,0.0,0.0,opentensor,https://twitter.com/opentensor,169900.0,2025-06-04 09:14:32,https://github.com/opentensor,1582.0,760.0,2025-06-04,https://assets.coingecko.com/coins/images/28452/standard/ARUsPeNQ_400x400.jpeg?1696527447,Data\Logo\bittensor.png,bittensor,2025-06-04 23:55:03,ABA4C5BDC90AAC00E68B760AEF5E5BA7
42,Aptos APT,APT,https://www.coingecko.com/en/coins/aptos,0.0,0.0,Aptos_Network,https://twitter.com/Aptos_Network,5585.0,,https://github.com/aptos-labs,7536.0,4031.0,2025-06-04,https://assets.coingecko.com/coins/images/26455/standard/aptos_round.png?1696525528,Data\Logo\aptos.png,aptos,2025-06-04 23:55:03,C243518BC70E4789E851F1AFB3F3D993
43,OKB OKB,OKB,https://www.coingecko.com/en/coins/okb,0.0,0.0,okx,https://twitter.com/okx,5700000.0,2025-06-04 21:29:05,,,,,https://assets.coingecko.com/coins/images/4463/standard/WeChat_Image_20220118095654.png?1696505053,Data\Logo\okb.png,okb,2025-06-04 23:55:03,D61F3D512C31D8B948C4C862500E6ADC
44,Cronos CRO,CRO,https://www.coingecko.com/en/coins/cronos,0.0,0.0,cronos_chain,https://twitter.com/cronos_chain,290400.0,2025-06-04 07:32:00,https://github.com/crypto-org-chain,965.0,764.0,2025-06-04,https://assets.coingecko.com/coins/images/7310/standard/cro_token_logo.png?1696507599,Data\Logo\cronos.png,cronos,2025-06-04 23:55:03,F92AC848D62520ADB06FFEB61B11E2EE
45,NEAR Protocol NEAR,NEAR,https://www.coingecko.com/en/coins/near,0.0,0.0,nearprotocol,https://twitter.com/nearprotocol,1800000.0,2025-06-04 21:11:48,https://github.com/nearprotocol,215.0,271.0,2023-03-04,https://assets.coingecko.com/coins/images/10365/standard/near.jpg?1696510367,Data\Logo\near.png,near,2025-06-04 23:55:04,D61C554F4EC7B82935B8ECA9B4E24A1E
46,BlackRock USD Institutional Digital Liquidity Fund BUIDL,BUIDL,https://www.coingecko.com/en/coins/blackrock-usd-institutional-digital-liquidity-fund,0.0,0.0,BlackRock,https://twitter.com/BlackRock,977700.0,2025-06-04 20:13:07,,,,,https://assets.coingecko.com/coins/images/36291/standard/blackrock.png?1711013223,Data\Logo\blackrock-usd-institutional-digital-liquidity-fund.png,blackrock-usd-institutional-digital-liquidity-fund,2025-06-04 23:55:04,A06BD96CDB30634BA73A067D0A07D544
47,Jito Staked SOL JITOSOL,JITOSOL,https://www.coingecko.com/en/coins/jito-staked-sol,0.0,0.0,jito_sol,https://twitter.com/jito_sol,92100.0,2025-06-04 16:02:17,https://github.com/jito-foundation,999.0,424.0,2025-06-04,https://assets.coingecko.com/coins/images/28046/standard/JitoSOL-200.png?1696527060,Data\Logo\jito-staked-sol.png,jito-staked-sol,2025-06-04 23:55:04,2EEB7C734EFB9E00E77E2FB9D7307B2D
48,Internet Computer ICP,ICP,https://www.coingecko.com/en/coins/internet-computer,0.0,0.0,dfinity,https://twitter.com/dfinity,691700.0,2025-06-04 14:30:26,https://github.com/dfinity,4105.0,1009.0,2025-06-04,https://assets.coingecko.com/coins/images/14495/standard/Internet_Computer_logo.png?1696514180,Data\Logo\internet-computer.png,internet-computer,2025-06-04 23:55:04,58E0DB7FD5D55B6143B2780D0F480E43
49,Ondo ONDO,ONDO,https://www.coingecko.com/en/coins/ondo,0.0,0.0,OndoFinance,https://twitter.com/OndoFinance,340600.0,2025-06-04 20:34:02,https://github.com/ondoprotocol,41.0,44.0,2024-11-25,https://assets.coingecko.com/coins/images/26580/standard/ONDO.png?1696525656,Data\Logo\ondo.png,ondo,2025-06-04 23:55:04,11DFDD8EBC0E354A7C019F4ECF5A4B58
50,Ethereum Classic ETC,ETC,https://www.coingecko.com/en/coins/ethereum-classic,0.0,0.0,ETC_Network,https://twitter.com/ETC_Network,6035.0,2025-04-28 08:10:26,https://github.com/ethereumclassic,295.0,329.0,2025-06-03,https://assets.coingecko.com/coins/images/453/standard/ethereum-classic-logo.png?1696501717,Data\Logo\ethereum-classic.png,ethereum-classic,2025-06-04 23:55:04,17B87610910AC47E58C9940583F767A1
51,sUSDS SUSDS,SUSDS,https://www.coingecko.com/en/coins/susds,0.0,0.0,SkyEcosystem,https://twitter.com/SkyEcosystem,294900.0,2025-06-04 21:18:11,,,,,https://assets.coingecko.com/coins/images/52721/standard/sUSDS_Coin.png?1734086971,Data\Logo\susds.png,susds,2025-06-04 23:55:04,1D7DFF4203E301B649637534454D5CD7
52,Tokenize Xchange TKX,TKX,https://www.coingecko.com/en/coins/tokenize-xchange,0.0,0.0,TokenizeXchange,https://twitter.com/TokenizeXchange,30500.0,2025-06-04 11:00:16,,,,,https://assets.coingecko.com/coins/images/4984/standard/TKX_-_Logo_-_RGB-15.png?1696505519,Data\Logo\tokenize-xchange.png,tokenize-xchange,2025-06-04 23:55:04,AF1B659322C7847B2B4C5F0006D3E62F
53,Gate GT,GT,https://www.coingecko.com/en/coins/gatetoken,0.0,0.0,gatechain_io,https://twitter.com/gatechain_io,48600.0,2022-11-17 10:50:22,,,,,https://assets.coingecko.com/coins/images/8183/standard/200X200.png?1735246724,Data\Logo\gatetoken.png,gatetoken,2025-06-04 23:55:04,A4EB597C75439E5779A78A448CCB531C
54,Mantle MNT,MNT,https://www.coingecko.com/en/coins/mantle,0.0,0.0,Mantle_Official,https://twitter.com/Mantle_Official,876700.0,2025-06-04 22:00:18,,,,,https://assets.coingecko.com/coins/images/30980/standard/Mantle-Logo-mark.png?1739213200,Data\Logo\mantle.png,mantle,2025-06-04 23:55:05,FA4B6F26E29687EF79CD9AF6FEAA699C
55,Kaspa KAS,KAS,https://www.coingecko.com/en/coins/kaspa,0.0,0.0,KaspaCurrency,https://twitter.com/KaspaCurrency,249900.0,2025-05-31 07:46:04,https://github.com/kaspanet,1165.0,490.0,2025-05-28,https://assets.coingecko.com/coins/images/25751/standard/kaspa-icon-exchanges.png?1696524837,Data\Logo\kaspa.png,kaspa,2025-06-04 23:55:05,D8F287701738A0559EEC08A27C3CF033
56,USD1 USD1,USD1,https://www.coingecko.com/en/coins/usd1-wlfi,0.0,0.0,worldlibertyfi,https://twitter.com/worldlibertyfi,611900.0,2025-06-04 12:00:23,,,,,https://assets.coingecko.com/coins/images/54977/standard/30Q2SFVH_400x400.jpg?1742998328,Data\Logo\usd1-wlfi.png,usd1-wlfi,2025-06-04 23:55:05,FD0F9F88428E653ABD209C5AD1885E99
57,Official Trump TRUMP,TRUMP,https://www.coingecko.com/en/coins/official-trump,0.0,0.0,realDonaldTrump,https://twitter.com/realDonaldTrump,105500000.0,2025-06-02 23:52:36,,,,,https://assets.coingecko.com/coins/images/53746/standard/trump.png?1737171561,Data\Logo\official-trump.png,official-trump,2025-06-04 23:55:05,FF7E85C62A60D2338D751C59F037BDBC
58,Artificial Superintelligence Alliance FET,FET,https://www.coingecko.com/en/coins/artificial-superintelligence-alliance,0.0,0.0,ASI_Alliance,https://x.com/ASI_Alliance/status/1803725301907661138,26.0,2024-06-28 05:58:25,https://github.com/fetchai,1731.0,493.0,2025-06-04,https://assets.coingecko.com/coins/images/5681/standard/ASI.png?1719827289,Data\Logo\artificial-superintelligence-alliance.png,artificial-superintelligence-alliance,2025-06-04 23:55:05,C360A5719654A1F84D1D94A80BE3F253
59,VeChain VET,VET,https://www.coingecko.com/en/coins/vechain,0.0,0.0,vechainofficial,https://twitter.com/vechainofficial,630300.0,2025-06-04 12:33:04,https://github.com/vechain,5363.0,510.0,2025-06-04,https://assets.coingecko.com/coins/images/1167/standard/VET.png?1742383283,Data\Logo\vechain.png,vechain,2025-06-04 23:55:05,55122DE063EECFFFF13E03CDF4771E5D
60,Render RENDER,RENDER,https://www.coingecko.com/en/coins/render,0.0,0.0,rendernetwork,https://x.com/rendernetwork/status/1813617540242788679,26.0,2024-07-19 16:07:44,,,,,https://assets.coingecko.com/coins/images/11636/standard/rndr.png?1696511529,Data\Logo\render.png,render,2025-06-04 23:55:05,5729B82515CCF84F05DCEA26B21C4C88
61,Cosmos Hub ATOM,ATOM,https://www.coingecko.com/en/coins/cosmos-hub,0.0,0.0,cosmos,https://twitter.com/cosmos,568700.0,2025-06-04 15:47:09,https://github.com/cosmos,10707.0,6487.0,2025-06-04,https://assets.coingecko.com/coins/images/1481/standard/cosmos_hub.png?1696502525,Data\Logo\cosmos-hub.png,cosmos-hub,2025-06-04 23:55:05,230E09EC5110A74A6EAB7C6FC652AF07
62,POL (ex-MATIC) POL,POL,https://www.coingecko.com/en/coins/pol-ex-matic,0.0,0.0,0xPolygonLabs,https://twitter.com/0xPolygonLabs/status/1717134336104038580?s=20,26.0,2023-10-25 17:46:13,https://github.com/maticnetwork,3297.0,1697.0,2025-06-04,https://assets.coingecko.com/coins/images/32440/standard/polygon.png?1698233684,Data\Logo\pol-ex-matic.png,pol-ex-matic,2025-06-04 23:55:06,B3EA6FCD93DB99F7346D1730C292D490
63,Lombard Staked BTC LBTC,LBTC,https://www.coingecko.com/en/coins/lombard-staked-btc,0.0,0.0,lombard_finance,https://twitter.com/lombard_finance,53300.0,2025-06-04 21:19:26,https://github.com/lombard-finance,15.0,21.0,2025-06-01,https://assets.coingecko.com/coins/images/39969/standard/LBTC_Logo.png?1724959872,Data\Logo\lombard-staked-btc.png,lombard-staked-btc,2025-06-04 23:55:06,4BEBA86CE51B976E22F5E06FF5B0E9B3
64,Fasttoken FTN,FTN,https://www.coingecko.com/en/coins/fasttoken,0.0,0.0,fasttoken_com,https://twitter.com/fasttoken_com,187600.0,2025-06-03 11:32:17,,,,,https://assets.coingecko.com/coins/images/28478/standard/lightenicon_200x200.png?1696527472,Data\Logo\fasttoken.png,fasttoken,2025-06-04 23:55:06,03AC8DDA3B528D5EE6FFE57ABA1A7B4B
65,Ethena ENA,ENA,https://www.coingecko.com/en/coins/ethena,0.0,0.0,ethena_labs,https://twitter.com/ethena_labs,228400.0,2025-06-04 16:04:45,,,,,https://assets.coingecko.com/coins/images/36530/standard/ethena.png?1711701436,Data\Logo\ethena.png,ethena,2025-06-04 23:55:06,0C5A441A20BD10513F8DEBFF31EF3A0A
66,Worldcoin WLD,WLD,https://www.coingecko.com/en/coins/worldcoin,0.0,0.0,worldcoin,https://twitter.com/worldcoin,499700.0,2025-05-31 15:00:03,,,,,https://assets.coingecko.com/coins/images/31069/standard/worldcoin.jpeg?1696529903,Data\Logo\worldcoin.png,worldcoin,2025-06-04 23:55:06,244F5853DAB31542E1BBB55D6C1171AE
67,Arbitrum ARB,ARB,https://www.coingecko.com/en/coins/arbitrum,0.0,0.0,arbitrum,https://twitter.com/arbitrum,1100000.0,2025-06-04 22:03:16,https://github.com/ArbitrumFoundation,440.0,190.0,2025-06-04,https://assets.coingecko.com/coins/images/16547/standard/arb.jpg?1721358242,Data\Logo\arbitrum.png,arbitrum,2025-06-04 23:55:06,5DD47B43EE4D9C139443CE8F3C285370
68,Filecoin FIL,FIL,https://www.coingecko.com/en/coins/filecoin,0.0,0.0,Filecoin,https://twitter.com/Filecoin,669400.0,2025-06-04 22:10:05,https://github.com/filecoin-project,4708.0,2195.0,2025-06-04,https://assets.coingecko.com/coins/images/12817/standard/filecoin.png?1696512609,Data\Logo\filecoin.png,filecoin,2025-06-04 23:55:06,C50A0B384CCB847DE9A353D759FE4FA7
69,Quant QNT,QNT,https://www.coingecko.com/en/coins/quant,0.0,0.0,quant_network,https://twitter.com/quant_network,159500.0,2025-06-02 09:39:38,,,,,https://assets.coingecko.com/coins/images/3370/standard/5ZOu7brX_400x400.jpg?1696504070,Data\Logo\quant.png,quant,2025-06-04 23:55:06,BE2731C33F3BD20895965B37668805B3
70,Algorand ALGO,ALGO,https://www.coingecko.com/en/coins/algorand,0.0,0.0,algorand,https://twitter.com/algorand,358800.0,2025-04-24 14:49:18,https://github.com/algorand,2697.0,1247.0,2025-06-04,https://assets.coingecko.com/coins/images/4380/standard/download.png?1696504978,Data\Logo\algorand.png,algorand,2025-06-04 23:55:07,8C6B74466A6285386D3963CE88228B15
71,First Digital USD FDUSD,FDUSD,https://www.coingecko.com/en/coins/first-digital-usd,0.0,0.0,FDLabsHQ,https://twitter.com/FDLabsHQ,9043.0,2025-06-04 08:02:00,,,,,https://assets.coingecko.com/coins/images/31079/standard/FDUSD_icon_black.png?1731097953,Data\Logo\first-digital-usd.png,first-digital-usd,2025-06-04 23:55:07,3673FD390413267C13B06DC782161A46
72,Binance-Peg WETH WETH,WETH,https://www.coingecko.com/en/coins/binance-peg-weth,0.0,0.0,BNBChain,https://twitter.com/BNBChain,3800000.0,2025-06-04 22:00:05,,,,,https://assets.coingecko.com/coins/images/39580/standard/weth.png?1723006716,Data\Logo\binance-peg-weth.png,binance-peg-weth,2025-06-04 23:55:07,78DEB49E49FDD953DF7460DEF7A23E23
73,Jupiter JUP,JUP,https://www.coingecko.com/en/coins/jupiter,0.0,0.0,JupiterExchange,https://twitter.com/JupiterExchange,582100.0,2025-06-04 18:24:45,https://github.com/jup-ag,1077.0,4174.0,2025-06-04,https://assets.coingecko.com/coins/images/34188/standard/jup.png?1704266489,Data\Logo\jupiter.png,jupiter,2025-06-04 23:55:07,CA34104149B887E4F98B2EBDDC8D606D
74,Jupiter Perpetuals Liquidity Provider Token JLP,JLP,https://www.coingecko.com/en/coins/jupiter-perpetuals-liquidity-provider-token,0.0,0.0,JupiterExchange,https://twitter.com/JupiterExchange,582100.0,2025-06-04 18:24:45,https://github.com/qubic-li,307.0,42.0,2025-05-25,https://assets.coingecko.com/coins/images/33094/standard/jlp.png?1700631386,Data\Logo\jupiter-perpetuals-liquidity-provider-token.png,jupiter-perpetuals-liquidity-provider-token,2025-06-04 23:55:07,67F5319FC41230BB3F9F97232910DE65
75,Celestia TIA,TIA,https://www.coingecko.com/en/coins/celestia,0.0,0.0,CelestiaOrg,https://twitter.com/CelestiaOrg,2103.0,,https://github.com/celestiaorg,2047.0,1818.0,2025-06-04,https://assets.coingecko.com/coins/images/31967/standard/tia.jpg?1696530772,Data\Logo\celestia.png,celestia,2025-06-04 23:55:07,0F2FCC8DBF13447F8316855F4E6994B1
76,KuCoin KCS,KCS,https://www.coingecko.com/en/coins/kucoin-shares,0.0,0.0,kucoincom,https://twitter.com/kucoincom,3500000.0,2025-06-04 19:00:01,,,,,https://assets.coingecko.com/coins/images/1047/standard/sa9z79.png?1696502152,Data\Logo\kucoin-shares.png,kucoin-shares,2025-06-04 23:55:07,1F2BD8E49918CD2084BA1775169780EB
77,Binance Staked SOL BNSOL,BNSOL,https://www.coingecko.com/en/coins/binance-staked-sol,0.0,0.0,binance,https://twitter.com/binance,14500000.0,2025-06-04 22:00:25,,,,,https://assets.coingecko.com/coins/images/40132/standard/bnsol.png?1725968367,Data\Logo\binance-staked-sol.png,binance-staked-sol,2025-06-04 23:55:07,623185A194592E3E7C61F849E1145C01
78,USDT0 USDT0,USDT0,https://www.coingecko.com/en/coins/usdt0,0.0,0.0,USDT0_to,https://twitter.com/USDT0_to,16100.000000000002,2025-06-04 07:50:15,,,,,https://assets.coingecko.com/coins/images/53705/standard/usdt0.jpg?1737086183,Data\Logo\usdt0.png,usdt0,2025-06-04 23:55:08,BC3AE5EED221FFA8A6E3128F2DD7ED30
79,NEXO NEXO,NEXO,https://www.coingecko.com/en/coins/nexo,0.0,0.0,Nexo,https://twitter.com/Nexo,286100.0,2025-06-04 18:30:25,https://github.com/nexofinance,111.0,52.0,2021-09-16,https://assets.coingecko.com/coins/images/3695/standard/CG-nexo-token-200x200_2x.png?1730414360,Data\Logo\nexo.png,nexo,2025-06-04 23:55:08,0C7902DB3D9D19E72DFA46F3DF94DFBA
80,Rocket Pool ETH RETH,RETH,https://www.coingecko.com/en/coins/rocket-pool-eth,0.0,0.0,rocket_pool,https://twitter.com/rocket_pool,47200.0,2025-06-04 19:27:57,https://github.com/rocket-pool,1266.0,518.0,2025-06-04,https://assets.coingecko.com/coins/images/20764/standard/reth.png?1696520159,Data\Logo\rocket-pool-eth.png,rocket-pool-eth,2025-06-04 23:55:08,AD967E1AAD29EA146EE9C48D979AAEF3
81,Sonic S,S,https://www.coingecko.com/en/coins/sonic,0.0,0.0,SonicLabs,https://twitter.com/SonicLabs,859900.0,2025-06-04 20:11:40,,,,,https://assets.coingecko.com/coins/images/38108/standard/200x200_Sonic_Logo.png?1734679256,Data\Logo\sonic.png,sonic,2025-06-04 23:55:08,595BCF53C0989C187747C746D6854562
82,Bonk BONK,BONK,https://www.coingecko.com/en/coins/bonk,0.0,0.0,bonk_inu,https://twitter.com/bonk_inu,421900.0,2025-06-04 21:26:36,,,,,https://assets.coingecko.com/coins/images/28600/standard/bonk.jpg?1696527587,Data\Logo\bonk.png,bonk,2025-06-04 23:55:08,AC436166B426814C6A515262F272E03C
83,Injective INJ,INJ,https://www.coingecko.com/en/coins/injective,0.0,0.0,injective,https://twitter.com/injective,566200.0,2025-06-04 21:51:59,https://github.com/InjectiveLabs,476.0,454.0,2025-06-04,https://assets.coingecko.com/coins/images/12882/standard/Other_200x200.png?1738782212,Data\Logo\injective.png,injective,2025-06-04 23:55:08,F0310BDD9B0AC71266B2B81C2448BB6E
84,Flare FLR,FLR,https://www.coingecko.com/en/coins/flare,0.0,0.0,FlareNetworks,https://twitter.com/FlareNetworks,329200.0,2025-06-04 20:55:07,,,,,https://assets.coingecko.com/coins/images/28624/standard/FLR-icon200x200.png?1696527609,Data\Logo\flare.png,flare,2025-06-04 23:55:08,AFDC63C84289FE3AE4D8A332D4814F32
85,Stacks STX,STX,https://www.coingecko.com/en/coins/stacks,0.0,0.0,Stacks,https://twitter.com/Stacks,234700.0,2025-06-03 21:00:03,https://github.com/stacks-network,5180.0,1212.0,2025-06-04,https://assets.coingecko.com/coins/images/2069/standard/Stacks_Logo_png.png?1709979332,Data\Logo\stacks.png,stacks,2025-06-04 23:55:08,44C8A05AC0334D2D9E6F8C3A8A263AE8
86,Kelp DAO Restaked ETH RSETH,RSETH,https://www.coingecko.com/en/coins/kelp-dao-restaked-eth,0.0,0.0,KelpDAO,https://twitter.com/KelpDAO,180900.0,2025-06-04 17:00:17,https://github.com/Kelp-DAO,16.0,11.0,2025-05-06,https://assets.coingecko.com/coins/images/33800/standard/Icon___Dark.png?1702991855,Data\Logo\kelp-dao-restaked-eth.png,kelp-dao-restaked-eth,2025-06-04 23:55:08,F49AF7F0488FD204BC8F4E27B9D3BC0C
87,Virtuals Protocol VIRTUAL,VIRTUAL,https://www.coingecko.com/en/coins/virtual-protocol,0.0,0.0,virtuals_io,https://twitter.com/virtuals_io,251600.0,2025-06-04 11:25:37,,,,,https://assets.coingecko.com/coins/images/34057/standard/LOGOMARK.png?1708356054,Data\Logo\virtual-protocol.png,virtual-protocol,2025-06-04 23:55:09,A2A20D51218E287E8E2316AB3C475C9B
88,Story IP,IP,https://www.coingecko.com/en/coins/story,0.0,0.0,StoryProtocol,https://twitter.com/StoryProtocol,659700.0,2025-06-04 16:21:09,https://github.com/storyprotocol,450.0,327.0,2025-06-04,https://assets.coingecko.com/coins/images/54035/standard/Transparent_bg.png?1738075331,Data\Logo\story.png,story,2025-06-04 23:55:09,DD72BAC6CBF1F9A68E0D8D0F24654295
89,Optimism OP,OP,https://www.coingecko.com/en/coins/optimism,0.0,0.0,Optimism,https://twitter.com/Optimism,740100.0,2025-06-04 13:01:33,,,,,https://assets.coingecko.com/coins/images/25244/standard/Optimism.png?1696524385,Data\Logo\optimism.png,optimism,2025-06-04 23:55:09,CC3E9173179323F00EC359368F3C0257
90,SPX6900 SPX,SPX,https://www.coingecko.com/en/coins/spx6900,0.0,0.0,spx6900,https://twitter.com/spx6900,26.0,,,,,,https://assets.coingecko.com/coins/images/31401/standard/centeredcoin_%281%29.png?1737048493,Data\Logo\spx6900.png,spx6900,2025-06-04 23:55:09,58AD7DB7AEBE12A6994E3237985D34FA
91,Sei SEI,SEI,https://www.coingecko.com/en/coins/sei,0.0,0.0,SeiNetwork,https://twitter.com/SeiNetwork,791400.0,2025-06-04 16:54:50,https://github.com/sei-protocol/sei-chain/blob/main/whitepaper/Sei_Whitepaper.pdf,,,,https://assets.coingecko.com/coins/images/28205/standard/Sei_Logo_-_Transparent.png?1696527207,Data\Logo\sei.png,sei,2025-06-04 23:55:09,62D92D67CE2F3E37E61D77BAAAA21FDD
92,Immutable IMX,IMX,https://www.coingecko.com/en/coins/immutable-x,0.0,0.0,,https://imx.community/,,,,,,,https://assets.coingecko.com/coins/images/17233/standard/immutableX-symbol-BLK-RGB.png?1696516787,Data\Logo\immutable-x.png,immutable-x,2025-06-04 23:55:09,B0E0F2DF2B6E0B840BA5911727443484
93,Binance Bridged USDC (BNB Smart Chain) USDC,USDC,https://www.coingecko.com/en/coins/binance-bridged-usdc-bnb-smart-chain,0.0,0.0,search,https://twitter.com/search?q=$USDC,26.0,2025-06-04 21:18:33,,,,,https://assets.coingecko.com/coins/images/35220/standard/USDC.jpg?1707919050,Data\Logo\binance-bridged-usdc-bnb-smart-chain.png,binance-bridged-usdc-bnb-smart-chain,2025-06-04 23:55:09,622119D58C81A6F45048CDB9BF0145D1
94,XDC Network XDC,XDC,https://www.coingecko.com/en/coins/xdc-network,0.0,0.0,XinFin_Official,https://twitter.com/XinFin_Official,2198.0,,https://github.com/XinFinOrg,179.0,218.0,2025-06-04,https://assets.coingecko.com/coins/images/2912/standard/xdc-icon.png?1696503661,Data\Logo\xdc-network.png,xdc-network,2025-06-04 23:55:09,F931745152A085BAFA0A0BED29C5285F
95,Fartcoin FARTCOIN,FARTCOIN,https://www.coingecko.com/en/coins/fartcoin,0.0,0.0,FartCoinOfSOL,https://twitter.com/FartCoinOfSOL,79000.0,2025-06-03 21:54:50,,,,,https://assets.coingecko.com/coins/images/50891/standard/fart.jpg?1729503972,Data\Logo\fartcoin.png,fartcoin,2025-06-04 23:55:10,F18B75BD0A4B2D14A02BBFBB83FB4607
96,PayPal USD PYUSD,PYUSD,https://www.coingecko.com/en/coins/paypal-usd,0.0,0.0,PayPal,https://twitter.com/PayPal,1000000.0,2025-06-04 18:23:55,,,,,https://assets.coingecko.com/coins/images/31212/standard/PYUSD_Logo_%282%29.png?1696530039,Data\Logo\paypal-usd.png,paypal-usd,2025-06-04 23:55:10,FB7BAF46E913EB13C17AC68C003848B1
97,Vaulta A,A,https://www.coingecko.com/en/coins/vaulta,0.0,0.0,Vaulta_,https://twitter.com/Vaulta_,111500.0,2025-06-04 14:48:40,https://github.com/VaultaFoundation,113.0,243.0,2025-06-04,https://assets.coingecko.com/coins/images/55616/standard/Vaulta_CEX_Icon_Circle_-_cmc.png?1746859132,Data\Logo\vaulta.png,vaulta,2025-06-04 23:55:10,EEDBA2DE33C7FB59EF93497B72046BB5
98,Mantle Staked Ether METH,METH,https://www.coingecko.com/en/coins/mantle-staked-ether,0.0,0.0,0xMantle,https://twitter.com/0xMantle,62300.0,2025-02-03 15:06:15,https://github.com/mantle-lsp,7.0,4.0,2025-06-04,https://assets.coingecko.com/coins/images/33345/standard/symbol_transparent_bg.png?1701697066,Data\Logo\mantle-staked-ether.png,mantle-staked-ether,2025-06-04 23:55:10,AD35B24949DC931F2ECB227FAEFA661A
99,Solv Protocol BTC SOLVBTC,SOLVBTC,https://www.coingecko.com/en/coins/solv-protocol-btc,0.0,0.0,SolvProtocol,https://twitter.com/SolvProtocol,341900.0,2025-06-04 14:02:00,https://github.com/solv-finance,151.0,74.0,2025-06-03,https://assets.coingecko.com/coins/images/36800/standard/solvBTC.png?1719810684,Data\Logo\solv-protocol-btc.png,solv-protocol-btc,2025-06-04 23:55:10,319AE45DF414B155190FF4A224CF49A9
100,Polygon Bridged USDT (Polygon) USDT,USDT,https://www.coingecko.com/en/coins/polygon-bridged-usdt-polygon,0.0,0.0,search,https://twitter.com/search?q=$USDT,26.0,2025-06-04 18:46:30,,,,,https://assets.coingecko.com/coins/images/35023/standard/USDT.png?1707233644,Data\Logo\polygon-bridged-usdt-polygon.png,polygon-bridged-usdt-polygon,2025-06-04 23:55:11,5C4162F360D8D7D8AE27A73EAB7D4BB4
101,StakeWise Staked ETH OSETH,OSETH,https://www.coingecko.com/en/coins/stakewise-staked-eth,0.0,0.0,stakewise_io,https://twitter.com/stakewise_io,11900.0,2025-05-22 11:42:16,https://github.com/stakewise,84.0,61.0,2025-06-04,https://assets.coingecko.com/coins/images/33117/standard/Frame_27513839.png?1700732599,Data\Logo\stakewise-staked-eth.png,stakewise-staked-eth,2025-06-04 23:55:17,DF0BA773EB33E3190D32E51DAC3605B5
102,Maker MKR,MKR,https://www.coingecko.com/en/coins/maker,0.0,0.0,SkyEcosystem,https://x.com/SkyEcosystem/status/1828405625828843710,26.0,2024-08-27 14:58:39,https://github.com/makerdao,3912.0,1639.0,2025-06-04,https://assets.coingecko.com/coins/images/1364/standard/Mark_Maker.png?1696502423,Data\Logo\maker.png,maker,2025-06-04 23:55:17,3BBED3B581E6D8D729FAB7E513337E2B
103,The Graph GRT,GRT,https://www.coingecko.com/en/coins/the-graph,0.0,0.0,graphprotocol,https://twitter.com/graphprotocol,342700.0,2025-06-04 18:36:28,https://github.com/graphprotocol,4053.0,1579.0,2025-06-04,https://assets.coingecko.com/coins/images/13397/standard/Graph_Token.png?1696513159,Data\Logo\the-graph.png,the-graph,2025-06-04 23:55:17,24C028DD433D3EA09583BCA7F82B326E
104,dogwifhat WIF,WIF,https://www.coingecko.com/en/coins/dogwifhat,0.0,0.0,dogwifcoin,https://twitter.com/dogwifcoin,153900.0,2025-06-04 22:34:04,,,,,https://assets.coingecko.com/coins/images/33566/standard/dogwifhat.jpg?1702499428,Data\Logo\dogwifhat.png,dogwifhat,2025-06-04 23:55:18,1DB0CA2DDE723B4454BBDB5174F029C5
105,Curve DAO CRV,CRV,https://www.coingecko.com/en/coins/curve-dao-token,0.0,0.0,curvefinance,https://x.com/curvefinance/status/1922040492121829678?s=46&t=HvsxV2mEAlGD3Tx81aNVHg,26.0,2025-05-13 11:10:51,https://github.com/curvefi,2358.0,788.0,2025-06-04,https://assets.coingecko.com/coins/images/12124/standard/Curve.png?1696511967,Data\Logo\curve-dao-token.png,curve-dao-token,2025-06-04 23:55:18,07B30EBF88ADE462B886B96D29CD6345
106,Renzo Restaked ETH EZETH,EZETH,https://www.coingecko.com/en/coins/renzo-restaked-eth,0.0,0.0,RenzoProtocol,https://twitter.com/RenzoProtocol,127000.0,2025-05-30 18:30:52,https://github.com/Renzo-Protocol,61.0,52.0,2025-05-28,https://assets.coingecko.com/coins/images/34753/standard/Ezeth_logo_circle.png?1713496404,Data\Logo\renzo-restaked-eth.png,renzo-restaked-eth,2025-06-04 23:55:18,C7AEA536B8B146B7CC9A2265BDD72395
107,Wrapped BNB WBNB,WBNB,https://www.coingecko.com/en/coins/wbnb,0.0,0.0,search,https://twitter.com/search?q=$WBNB,26.0,2025-06-04 17:25:14,,,,,https://assets.coingecko.com/coins/images/12591/standard/binance-coin-logo.png?1696512401,Data\Logo\wbnb.png,wbnb,2025-06-04 23:55:18,1A1D309520EEC3438C2812B031432896
108,Arbitrum Bridged WBTC (Arbitrum One) WBTC,WBTC,https://www.coingecko.com/en/coins/arbitrum-bridged-wbtc-arbitrum-one,0.0,0.0,search,https://twitter.com/search?q=$WBTC,26.0,2025-06-04 19:47:45,,,,,https://assets.coingecko.com/coins/images/39532/standard/wbtc.png?1722810336,Data\Logo\arbitrum-bridged-wbtc-arbitrum-one.png,arbitrum-bridged-wbtc-arbitrum-one,2025-06-04 23:55:18,EDD655B8336C980DA41F3B866ABC25EA
109,Tether Gold XAUT,XAUT,https://www.coingecko.com/en/coins/tether-gold,0.0,0.0,tethergold,https://twitter.com/tethergold,27100.0,2025-06-04 07:07:30,,,,,https://assets.coingecko.com/coins/images/10481/standard/Tether_Gold.png?1696510471,Data\Logo\tether-gold.png,tether-gold,2025-06-04 23:55:18,3E40D52054EF3363D1D4B039908143AE
110,Jupiter Staked SOL JUPSOL,JUPSOL,https://www.coingecko.com/en/coins/jupiter-staked-sol,0.0,0.0,JupiterExchange,https://twitter.com/JupiterExchange,582100.0,2025-06-04 18:24:45,,,,,https://assets.coingecko.com/coins/images/37482/standard/jupsol.png?1714473916,Data\Logo\jupiter-staked-sol.png,jupiter-staked-sol,2025-06-04 23:55:18,242349BFBE7B0D090A51E5A647C827B5
111,Zcash ZEC,ZEC,https://www.coingecko.com/en/coins/zcash,0.0,0.0,zcash,https://twitter.com/zcash,24800.0,2025-06-04 18:04:54,https://github.com/zcash,6703.0,3140.0,2025-06-04,https://assets.coingecko.com/coins/images/486/standard/circle-zcash-color.png?1696501740,Data\Logo\zcash.png,zcash,2025-06-04 23:55:19,ABD0C41E1113A2DBEF9C81C354EDCD00
112,PAX Gold PAXG,PAXG,https://www.coingecko.com/en/coins/pax-gold,0.0,0.0,paxosglobal,https://twitter.com/paxosglobal,3038.0,,,,,,https://assets.coingecko.com/coins/images/9519/standard/paxgold.png?1696509604,Data\Logo\pax-gold.png,pax-gold,2025-06-04 23:55:19,41D0470F2AFAF7A3B3D8768746B4E5D2
113,clBTC CLBTC,CLBTC,https://www.coingecko.com/en/coins/clbtc,0.0,0.0,CygnusFi,https://twitter.com/CygnusFi,1000000.0,2025-06-04 11:31:45,https://github.com/arks-labs,3.0,,2025-02-07,https://assets.coingecko.com/coins/images/54164/standard/clBTC.png?1738482999,Data\Logo\clbtc.png,clbtc,2025-06-04 23:55:19,A98A96B23484ADCBEF92E2A67E1EF54C
114,Lido DAO LDO,LDO,https://www.coingecko.com/en/coins/lido-dao,0.0,0.0,lidofinance,https://twitter.com/lidofinance,226800.0,2025-06-04 13:44:03,https://github.com/lidofinance,419.0,223.0,2025-06-04,https://assets.coingecko.com/coins/images/13573/standard/Lido_DAO.png?1696513326,Data\Logo\lido-dao.png,lido-dao,2025-06-04 23:55:19,94C5635521A4661DF2236EF7F0133EDF
115,FLOKI FLOKI,FLOKI,https://www.coingecko.com/en/coins/floki,0.0,0.0,realflokiinu,https://twitter.com/realflokiinu,711400.0,2025-06-04 15:01:49,,,,,https://assets.coingecko.com/coins/images/16746/standard/PNG_image.png?1696516318,Data\Logo\floki.png,floki,2025-06-04 23:55:19,657B77AFB4564812CCE2B24D36CF0E05
116,PancakeSwap CAKE,CAKE,https://www.coingecko.com/en/coins/pancakeswap,0.0,0.0,pancakeswap,https://twitter.com/pancakeswap,2100000.0,2025-06-04 14:58:21,,,,,https://assets.coingecko.com/coins/images/12632/standard/pancakeswap-cake-logo_%281%29.png?1696512440,Data\Logo\pancakeswap.png,pancakeswap,2025-06-04 23:55:19,0C396C8A8F642D63FDCBDEB52D956478
117,Theta Network THETA,THETA,https://www.coingecko.com/en/coins/theta-network,0.0,0.0,Theta_Network,https://twitter.com/Theta_Network,273900.0,2025-06-04 20:25:41,https://github.com/thetatoken,634.0,170.0,2025-04-02,https://assets.coingecko.com/coins/images/2538/standard/theta-token-logo.png?1696503349,Data\Logo\theta-network.png,theta-network,2025-06-04 23:55:19,904816B74883C785BE357D82702EF3D8
118,Marinade Staked SOL MSOL,MSOL,https://www.coingecko.com/en/coins/marinade-staked-sol,0.0,0.0,MarinadeFinance,https://twitter.com/MarinadeFinance,71200.0,2025-06-04 17:31:21,https://github.com/marinade-finance,139.0,62.0,2025-06-04,https://assets.coingecko.com/coins/images/17752/standard/mSOL.png?1696517278,Data\Logo\marinade-staked-sol.png,marinade-staked-sol,2025-06-04 23:55:19,338FC55BC0A582FCE12185A0F64E7AC1
119,GALA GALA,GALA,https://www.coingecko.com/en/coins/gala,0.0,0.0,GoGalaGames,https://twitter.com/GoGalaGames,1000000.0,2025-06-04 10:07:11,https://github.com/GalaChain,149.0,48.0,2025-06-04,https://assets.coingecko.com/coins/images/12493/standard/GALA_token_image_-_200PNG.png?1709725869,Data\Logo\gala.png,gala,2025-06-04 23:55:20,A3DB1DD21E99AA5AF44C8C096A4E3178
120,Ethereum Name Service ENS,ENS,https://www.coingecko.com/en/coins/ethereum-name-service,0.0,0.0,ensdomains,https://twitter.com/ensdomains,265900.0,2025-06-04 18:12:14,,,,,https://assets.coingecko.com/coins/images/19785/standard/ENS.jpg?1727872989,Data\Logo\ethereum-name-service.png,ethereum-name-service,2025-06-04 23:55:20,577781940C01BC80EB603DF8419F0E0E
121,JasmyCoin JASMY,JASMY,https://www.coingecko.com/en/coins/jasmycoin,0.0,0.0,JasmyMGT,https://twitter.com/JasmyMGT,126800.0,2025-05-26 07:07:39,,,,,https://assets.coingecko.com/coins/images/13876/standard/JASMY200x200.jpg?1696513620,Data\Logo\jasmycoin.png,jasmycoin,2025-06-04 23:55:20,C31D0300A40E1B22DBB5DD4C4B79EB2A
122,IOTA IOTA,IOTA,https://www.coingecko.com/en/coins/iota,0.0,0.0,iota,https://twitter.com/iota,295300.0,2025-06-04 14:36:31,https://github.com/iotaledger,59.0,35.0,2025-06-04,https://assets.coingecko.com/coins/images/692/standard/IOTA_Thumbnail_%281%29.png?1743772896,Data\Logo\iota.png,iota,2025-06-04 23:55:20,E3D4005EA478F5E86B8B9F618262D831
123,BitTorrent BTT,BTT,https://www.coingecko.com/en/coins/bittorrent,0.0,0.0,bittorrent,https://twitter.com/bittorrent,604300.0,2025-06-04 10:51:52,https://github.com/bittorrent,2629.0,566.0,2025-06-04,https://assets.coingecko.com/coins/images/22457/standard/btt_logo.png?1696521780,Data\Logo\bittorrent.png,bittorrent,2025-06-04 23:55:20,DCF8D07A46B7779D6D41577420BC44E9
124,Stables Labs USDX USDX,USDX,https://www.coingecko.com/en/coins/stables-labs-usdx,0.0,0.0,StablesLabs,https://twitter.com/StablesLabs,91200.0,2025-06-04 03:02:26,,,,,https://assets.coingecko.com/coins/images/50360/standard/USDX200px.png?1731906044,Data\Logo\stables-labs-usdx.png,stables-labs-usdx,2025-06-04 23:55:21,6610D75161D59C9898F78795658A1539
125,Pyth Network PYTH,PYTH,https://www.coingecko.com/en/coins/pyth-network,0.0,0.0,PythNetwork,https://twitter.com/PythNetwork,266100.0,2025-06-04 19:00:03,https://github.com/pyth-network,671.0,509.0,2025-06-04,https://assets.coingecko.com/coins/images/31924/standard/pyth.png?1701245725,Data\Logo\pyth-network.png,pyth-network,2025-06-04 23:55:21,8226411318C1B0C88361C4250C0F685E
126,Pendle PENDLE,PENDLE,https://www.coingecko.com/en/coins/pendle,0.0,0.0,pendle_fi,https://twitter.com/pendle_fi,149700.0,2025-06-04 13:00:29,https://github.com/pendle-finance/pendle-v2-resources/tree/main/whitepapers,,,,https://assets.coingecko.com/coins/images/15069/standard/Pendle_Logo_Normal-03.png?1696514728,Data\Logo\pendle.png,pendle,2025-06-04 23:55:21,9D2906C6F6EF93BD541F64DDAC7A0E90
127,The Sandbox SAND,SAND,https://www.coingecko.com/en/coins/the-sandbox,0.0,0.0,TheSandboxGame,https://twitter.com/TheSandboxGame,1000000.0,2025-06-04 12:30:07,https://github.com/thesandboxgame,253.0,137.0,2025-06-04,https://assets.coingecko.com/coins/images/12129/standard/sandbox_logo.jpg?1696511971,Data\Logo\the-sandbox.png,the-sandbox,2025-06-04 23:55:21,66DD2FF44F0A2898964BE06108182437
128,OUSG OUSG,OUSG,https://www.coingecko.com/en/coins/ousg,0.0,0.0,ondofinance,https://twitter.com/ondofinance,340600.0,2025-06-04 20:34:02,https://github.com/ondoprotocol,41.0,44.0,2024-11-25,https://assets.coingecko.com/coins/images/29023/standard/OUSG.png?1696527993,Data\Logo\ousg.png,ousg,2025-06-04 23:55:21,18BE039F4E0279F1E1682C3DE245941E
129,Bitcoin SV BSV,BSV,https://www.coingecko.com/en/coins/bitcoin-sv,0.0,0.0,BSVBlockchain,https://twitter.com/BSVBlockchain,19300.0,2025-05-27 23:55:33,https://github.com/bitcoin-sv,874.0,379.0,2025-06-04,https://assets.coingecko.com/coins/images/6799/standard/BSV.png?1696507128,Data\Logo\bitcoin-sv.png,bitcoin-sv,2025-06-04 23:55:22,5F2AFC1910129977851D9AA9F7D548C5
130,Walrus WAL,WAL,https://www.coingecko.com/en/coins/walrus-2,0.0,0.0,WalrusProtocol,https://twitter.com/WalrusProtocol,551600.0,2025-06-04 18:35:12,https://github.com/MystenLabs,7374.0,11656.0,2025-06-04,https://assets.coingecko.com/coins/images/54914/standard/WAL_logo.png?1742494301,Data\Logo\walrus-2.png,walrus-2,2025-06-04 23:55:22,630C075C72AFB5908624A4F77808D5D3
131,Core CORE,CORE,https://www.coingecko.com/en/coins/core,0.0,0.0,coredao_org,https://twitter.com/coredao_org,2300000.0,2025-06-04 17:05:16,https://github.com/coredao-org,350.0,88.0,2025-06-04,https://assets.coingecko.com/coins/images/28938/standard/file_589.jpg?1701868471,Data\Logo\core.png,core,2025-06-04 23:55:22,178909290570E9F2011E8F2F9EA6DEAE
132,Raydium RAY,RAY,https://www.coingecko.com/en/coins/raydium,0.0,0.0,raydiumprotocol,https://twitter.com/raydiumprotocol,420700.0,2025-06-04 17:26:22,,,,,https://assets.coingecko.com/coins/images/13928/standard/PSigc4ie_400x400.jpg?1696513668,Data\Logo\raydium.png,raydium,2025-06-04 23:55:22,31B1CD24F6BE55C6A92A95A7BEBE8372
133,Kaia KAIA,KAIA,https://www.coingecko.com/en/coins/kaia,0.0,0.0,kaiachain,https://twitter.com/kaiachain,220200.0,2025-06-04 13:03:21,https://github.com/kaiachain,121.0,161.0,2025-06-04,https://assets.coingecko.com/coins/images/39901/standard/KAIA.png?1724734368,Data\Logo\kaia.png,kaia,2025-06-04 23:55:22,966ACA1BE9C125B347669735D6FEE92F
134,Pudgy Penguins PENGU,PENGU,https://www.coingecko.com/en/coins/pudgy-penguins,0.0,0.0,pudgypenguins,https://twitter.com/pudgypenguins,678200.0,2025-06-04 20:57:57,,,,,https://assets.coingecko.com/coins/images/52622/standard/PUDGY_PENGUINS_PENGU_PFP.png?1733809110,Data\Logo\pudgy-penguins.png,pudgy-penguins,2025-06-04 23:55:22,550784D00FFD2AD5B1737FD3EE941D84
135,Usual USD USD0,USD0,https://www.coingecko.com/en/coins/usual-usd,0.0,0.0,search,https://twitter.com/search?q=$USD0,26.0,2025-05-30 13:12:43,,,,,https://assets.coingecko.com/coins/images/38272/standard/USD0LOGO.png?1716962811,Data\Logo\usual-usd.png,usual-usd,2025-06-04 23:55:22,F94F19F2AFECEB1A5F18B3A4ED598909
136,Solv Protocol Staked BTC XSOLVBTC,XSOLVBTC,https://www.coingecko.com/en/coins/solv-protocol-staked-btc,0.0,0.0,SolvProtocol,https://twitter.com/SolvProtocol,341900.0,2025-06-04 14:02:00,https://github.com/solv-finance,151.0,74.0,2025-06-03,https://assets.coingecko.com/coins/images/39384/standard/xSolvBTC.png?1744170824,Data\Logo\solv-protocol-staked-btc.png,solv-protocol-staked-btc,2025-06-04 23:55:23,0A16D363FAC57D46AD81B5DCF58EA8BD
137,Jito JTO,JTO,https://www.coingecko.com/en/coins/jito,0.0,0.0,jito_sol,https://twitter.com/jito_sol,92100.0,2025-06-04 16:02:17,,,,,https://assets.coingecko.com/coins/images/33228/standard/jto.png?1701137022,Data\Logo\jito.png,jito,2025-06-04 23:55:23,7839F2FC163B6EA9F8BA5BB48CF3FC41
138,Polyhedra Network ZKJ,ZKJ,https://www.coingecko.com/en/coins/polyhedra-network,0.0,0.0,PolyhedraZK,https://twitter.com/PolyhedraZK,992700.0,2025-06-04 16:02:45,,,,,https://assets.coingecko.com/coins/images/36198/standard/Polyhedra_Symbol_Black_on_White.png?1747150504,Data\Logo\polyhedra-network.png,polyhedra-network,2025-06-04 23:55:23,7CF18AEED60D2695F415004F875E55E3
139,Tezos XTZ,XTZ,https://www.coingecko.com/en/coins/tezos,0.0,0.0,tezos,https://twitter.com/tezos,446300.0,2025-06-04 15:00:09,https://github.com/tezos,99.0,39.0,2025-06-04,https://assets.coingecko.com/coins/images/976/standard/Tezos-logo.png?1696502091,Data\Logo\tezos.png,tezos,2025-06-04 23:55:23,3D0CB6682A516ACA41CD99F299086267
140,Ondo US Dollar Yield USDY,USDY,https://www.coingecko.com/en/coins/ondo-us-dollar-yield,0.0,0.0,ondofinance,https://twitter.com/ondofinance,340600.0,2025-06-04 20:34:02,https://github.com/ondoprotocol,41.0,44.0,2024-11-25,https://assets.coingecko.com/coins/images/31700/standard/usdy_%281%29.png?1696530524,Data\Logo\ondo-us-dollar-yield.png,ondo-us-dollar-yield,2025-06-04 23:55:23,4DACCE2C6FA658C85B92FD69CE81D41C
141,SyrupUSDC SYRUPUSDC,SYRUPUSDC,https://www.coingecko.com/en/coins/syrupusdc,0.0,0.0,maplefinance,https://twitter.com/maplefinance,48200.0,2025-06-04 20:00:09,,,,,https://assets.coingecko.com/coins/images/54658/standard/SyrupUSDCO.png?1748850129,Data\Logo\syrupusdc.png,syrupusdc,2025-06-04 23:55:23,19D89008FDA97591D64A94FED25D1E53
142,Flow FLOW,FLOW,https://www.coingecko.com/en/coins/flow,0.0,0.0,flow_blockchain,https://twitter.com/flow_blockchain,199800.0,2025-06-04 20:45:48,,,,,https://assets.coingecko.com/coins/images/13446/standard/5f6294c0c7a8cda55cb1c936_Flow_Wordmark.png?1696513210,Data\Logo\flow.png,flow,2025-06-04 23:55:23,DE6C1E6185CEB3C3E27438DED7419CAF
143,L2 Standard Bridged WETH (Base) WETH,WETH,https://www.coingecko.com/en/coins/l2-standard-bridged-weth-base,0.0,0.0,search,https://twitter.com/search?q=$WETH,26.0,2025-06-04 07:31:45,,,,,https://assets.coingecko.com/coins/images/39810/standard/weth.png?1724139790,Data\Logo\l2-standard-bridged-weth-base.png,l2-standard-bridged-weth-base,2025-06-04 23:55:23,88DB86D382AB1FAB1743D7C10F4EFBF7
144,Super OETH SUPEROETH,SUPEROETH,https://www.coingecko.com/en/coins/super-oeth,0.0,0.0,search,https://twitter.com/search?q=$SUPEROETH,26.0,,https://github.com/originprotocol,173.0,96.0,2025-06-04,https://assets.coingecko.com/coins/images/39828/standard/Super_OETH.png?1724208268,Data\Logo\super-oeth.png,super-oeth,2025-06-04 23:55:24,4F3417B5E458BA356584F9F559072310
145,ApeCoin APE,APE,https://www.coingecko.com/en/coins/apecoin,0.0,0.0,apecoin,https://twitter.com/apecoin,472400.0,2025-06-04 15:03:02,,,,,https://assets.coingecko.com/coins/images/24383/standard/apecoin.jpg?1696523566,Data\Logo\apecoin.png,apecoin,2025-06-04 23:55:24,3CFC319F0A15FB5CF5B5627CE1405772
146,THORChain RUNE,RUNE,https://www.coingecko.com/en/coins/thorchain,0.0,0.0,thorchain,https://twitter.com/thorchain,282700.0,2025-06-04 22:59:31,https://github.com/thorchain/Resources/blob/master/Whitepapers/,,,,https://assets.coingecko.com/coins/images/6595/standard/Rune200x200.png?1696506946,Data\Logo\thorchain.png,thorchain,2025-06-04 23:55:24,195DDAB137F792D59B47353962D01372
147,Falcon USD USDF,USDF,https://www.coingecko.com/en/coins/falcon-finance,0.0,0.0,FalconStable,https://twitter.com/FalconStable,36100.0,2025-06-04 13:01:30,,,,,https://assets.coingecko.com/coins/images/54558/standard/ff_200_X_200.png?1740741076,Data\Logo\falcon-finance.png,falcon-finance,2025-06-04 23:55:24,9E99F5E80ED4DA5492CCDC73E02F930A
148,DeXe DEXE,DEXE,https://www.coingecko.com/en/coins/dexe,0.0,0.0,search,https://twitter.com/search?q=$DEXE,26.0,2025-06-04 23:13:54,,,,,https://assets.coingecko.com/coins/images/12713/standard/DEXE_token_logo.png?1696512514,Data\Logo\dexe.png,dexe,2025-06-04 23:55:24,6C8A56EA25BF9534743BF4C44909C5F5
149,Grass GRASS,GRASS,https://www.coingecko.com/en/coins/grass,0.0,0.0,grass,https://twitter.com/grass,567100.0,2025-06-03 21:44:57,,,,,https://assets.coingecko.com/coins/images/40094/standard/Grass.jpg?1725697048,Data\Logo\grass.png,grass,2025-06-04 23:55:24,09E24412BE526AD1ADFEEA3261641F78
150,Helium HNT,HNT,https://www.coingecko.com/en/coins/helium,0.0,0.0,helium,https://twitter.com/helium,223600.0,2025-06-04 14:50:22,,,,,https://assets.coingecko.com/coins/images/4284/standard/helium_logo_use.png?1748092589,Data\Logo\helium.png,helium,2025-06-04 23:55:24,3E53A06D6FD1BB9B0C9149AD1D19A805
